{
  "annotations": {
    "list": []
  },
  "editable": false,
  "graphTooltip": 0,
  "panels": [
    {
      "type": "timeseries",
      "title": "Backend Weights",
      "datasource": "Prometheus",
      "targets": [
        {
          "expr": "hybrid_lb_backend_weight",
          "legendFormat": "{{backend}}"
        }
      ],
      "gridPos": {
        "h": 8,
        "w": 12,
        "x": 0,
        "y": 0
      }
    },
    {
      "type": "timeseries",
      "title": "Backend Mbps TX",
      "datasource": "Prometheus",
      "targets": [
        {
          "expr": "hybrid_lb_backend_mbps_tx",
          "legendFormat": "{{backend}}"
        }
      ],
      "gridPos": {
        "h": 8,
        "w": 12,
        "x": 12,
        "y": 0
      }
    },
    {
      "type": "timeseries",
      "title": "Backend Mbps RX",
      "datasource": "Prometheus",
      "targets": [
        {
          "expr": "hybrid_lb_backend_mbps_rx",
          "legendFormat": "{{backend}}"
        }
      ],
      "gridPos": {
        "h": 8,
        "w": 12,
        "x": 0,
        "y": 8
      }
    },
    {
      "type": "timeseries",
      "title": "Backend Active Flows",
      "datasource": "Prometheus",
      "targets": [
        {
          "expr": "hybrid_lb_backend_active_flows",
          "legendFormat": "{{backend}}"
        }
      ],
      "gridPos": {
        "h": 8,
        "w": 12,
        "x": 12,
        "y": 8
      }
    }
  ],
  "schemaVersion": 39,
  "style": "dark",
  "tags": [
    "sdn",
    "load-balancing"
  ],
  "templating": {
    "list": []
  },
  "time": {
    "from": "now-5m",
    "to": "now"
  },
  "timepicker": {},
  "timezone": "browser",
  "title": "Hybrid SDN Load Balancer",
  "version": 1
}