{
  "annotations": {
    "list": []
  },
  "editable": false,
  "fiscalYearStartMonth": 0,
  "graphTooltip": 0,
  "id": null,
  "links": [],
  "liveNow": true,
  "panels": [
    {
      "type": "timeseries",
      "title": "Backend Weight (GA output)",
      "datasource": "Prometheus",
      "targets": [
        {
          "expr": "hybrid_lb_backend_weight",
          "legendFormat": "{{backend_id}}",
          "refId": "A"
        }
      ],
      "gridPos": {
        "h": 8,
        "w": 12,
        "x": 0,
        "y": 0
      }
    },
    {
      "type": "timeseries",
      "title": "Backend Active Flows",
      "datasource": "Prometheus",
      "targets": [
        {
          "expr": "hybrid_lb_backend_active_flows",
          "legendFormat": "{{backend_id}}",
          "refId": "A"
        }
      ],
      "gridPos": {
        "h": 8,
        "w": 12,
        "x": 12,
        "y": 0
      }
    },
    {
      "type": "timeseries",
      "title": "Backend Mbps Out",
      "datasource": "Prometheus",
      "targets": [
        {
          "expr": "hybrid_lb_backend_mbps_out",
          "legendFormat": "{{backend_id}}",
          "refId": "A"
        }
      ],
      "gridPos": {
        "h": 8,
        "w": 12,
        "x": 0,
        "y": 8
      }
    },
    {
      "type": "timeseries",
      "title": "Backend Mbps In",
      "datasource": "Prometheus",
      "targets": [
        {
          "expr": "hybrid_lb_backend_mbps_in",
          "legendFormat": "{{backend_id}}",
          "refId": "A"
        }
      ],
      "gridPos": {
        "h": 8,
        "w": 12,
        "x": 12,
        "y": 8
      }
    },
    {
      "type": "stat",
      "title": "Switch Connected",
      "datasource": "Prometheus",
      "targets": [
        {
          "expr": "hybrid_lb_switch_connected",
          "refId": "A"
        }
      ],
      "gridPos": {
        "h": 4,
        "w": 6,
        "x": 0,
        "y": 16
      },
      "options": {
        "reduceOptions": {
          "calcs": [
            "lastNotNull"
          ],
          "fields": "",
          "values": false
        }
      }
    },
    {
      "type": "stat",
      "title": "GA Last Run (unix ts)",
      "datasource": "Prometheus",
      "targets": [
        {
          "expr": "hybrid_lb_ga_last_run_timestamp",
          "refId": "A"
        }
      ],
      "gridPos": {
        "h": 4,
        "w": 6,
        "x": 6,
        "y": 16
      },
      "options": {
        "reduceOptions": {
          "calcs": [
            "lastNotNull"
          ],
          "fields": "",
          "values": false
        }
      }
    }
  ],
  "refresh": "5s",
  "schemaVersion": 37,
  "style": "dark",
  "tags": [
    "sdn",
    "hybrid",
    "lb"
  ],
  "templating": {
    "list": []
  },
  "time": {
    "from": "now-15m",
    "to": "now"
  },
  "timepicker": {},
  "timezone": "",
  "title": "Hybrid SDN Load Balancer",
  "version": 1
}